"PubmedID","Title","Publication Date","Non-academic Author(s)","Company Affiliation(s)","Corresponding Author Email"
"40053790","Augmenting Insufficiently Accruing Oncology Clinical Trials Using Generative Models: Validation Study.","2025 Mar 5","Mitsakakis N, Jonker E, Beltran-Bless AA, Mosquera L","CHEO Research Institute, Ottawa, ON, Canada.","N/A"
"40053692","Radiation Dose-Volume Effects on Negative Tumor-Draining Lymph Nodes Impacted T-Cell Activation and Prognosis in Esophageal Cancer with Chemoradiotherapy.","2025 Mar 7","Xu Y","Enhance Human Health Through Pharma Technology Innovation, Shanghai, China.","N/A"
"40053609","Effect of Spacers on the Affinity of Tyrosine-Modified Polymers to L-Type Amino Acid Transporter 1.","2025 Mar 7","Nomoto T","Modality Research Laboratories I, R&D Division, Daiichi Sankyo Co., Ltd., 1-2-58 Hiromachi, Shinagawa-ku, Tokyo 140-8710, Japan.","N/A"
"40053604","Continuous expression of TOX safeguards exhausted CD8 T cell epigenetic fate.","2025 Mar 7","Huang YJ, Manne S, Khan O, Wherry EJ","Department of Systems Pharmacology and Translational Therapeutics, Perelman School of Medicine, University of Pennsylvania, Philadelphia, PA, USA.","N/A"
"40053523","iSoMAs: Finding isoform expression and somatic mutation associations in human cancers.","2025 Mar 7","Tan H, Gotea V, Jaiswal SK, Seidel NE, Holland DO, Fedkenheuer K, Elkahloun AG, Bang-Christensen SR, Elnitski L","Translational and Functional Genomics Branch, National Human Genome Research Institute, National Institutes of Health, Bethesda, Maryland, United States of America., Microarrays and Single-Cell Genomics Core, National Human Genome Research Institute, National Institutes of Health, Bethesda, Maryland, United States of America.","N/A"
"40053445","Angular spatial compounding of diffraction corrected images improves ultrasound attenuation measurements.","2025 Mar 1","Czarnota GJ","QT Imaging Inc., Novato, California 94949, USA.","N/A"
"40053290","Effect of carvacrol to induce autophagy and apoptosis and its interaction with Newcastle disease virus in the chicken embryo model.","2025 Mar 7","Abbasabadi BM","Nanobiotechnology Research Center, Avicenna Research Institute, ACECR, Tehran, Iran.","a.araghi@ausmt.ac.ir"
"40053285","CZT-based photon-counting-detector CT with deep-learning reconstruction: image quality and diagnostic confidence for lung tumor assessment.","2025 Mar 7","Taki T","Department of Pathology and Clinical Laboratories, National Cancer Center Hospital East, 6-5-1 Kashiwanoha, Kashiwa, Chiba, 277-8577, Japan.","tomoaki3est@gmail.com"
"40053265","Multi-gene panel sequencing reveals the relationship between driver gene mutation and clinical characteristics in lung adenocarcinoma.","2025 Mar 7","Li W, Zhang B","Wuhan Frasergen Bioinformatics Co., Ltd, Wuhan, China.","zouyi9292@126.com"
"40053252","Two inflammation-related genes model could predict risk in prognosis of patients with lung adenocarcinoma.","2025 Mar 7","Yang W, Li G, Xu J, Zhou S, Liu Z, Zhao S","Department of Thoracic Surgery, Beijing Tuberculosis and Thoracic Tumor Research Institute/Beijing Chest Hospital, Capital Medical University, Beijing, 101149, China. zst-1981@163.com., Department of Thoracic Surgery, Beijing Tuberculosis and Thoracic Tumor Research Institute/Beijing Chest Hospital, Capital Medical University, Beijing, 101149, China. liuzhidong@bjxkyy.cn., Department of Thoracic Surgery, Beijing Tuberculosis and Thoracic Tumor Research Institute/Beijing Chest Hospital, Capital Medical University, Beijing, 101149, China., Department of Thoracic Surgery, Beijing Tuberculosis and Thoracic Tumor Research Institute/Beijing Chest Hospital, Capital Medical University, Beijing, 101149, China. jieyansuo20032006@aliyun.com.","jieyansuo20032006@aliyun.com"
"40053216","Sex Differences in Cigarette Smoking Among Hispanic and Non-Hispanic Black All of Us Participants: The Relative Importance of Sociodemographic Characteristics and Social Determinants of Health.","2025 Mar 7","Conway FN","The Addiction Research Institute, Steve Hicks School of Social Work, The University of Texas at Austin, Austin, TX, USA.","aespinosa@ccny.cuny.edu"
"40053092","Association of salivary gland cancer with human papillomavirus infections: critical appraisal of reported associations and methodological considerations.","2025 Mar 7","Antonino M","Department of Surgery, UMONS Research Institute for Health Sciences and Technology, Faculty of Medicine, University of Mons (UMons), Mons, Belgium.","matteo.lazzeroni@unimi.it"
"40052947","Calibration of Toenail Metal Concentrations for Sample Mass Heterogeneity and Between-Batch Variability: The COMET Approach.","2025 Mar 7","Ederra-Sanz M, Kogevinas M, Perez-Gomez B","Epidemiology of Chronic and Communicable Diseases Group, Biodonostia Health Research Institute, San Sebastian, Spain., Hospital del Mar Medical Research Institute (IMIM), Barcelona, Spain., Descriptive Epidemiology, Genetics and Cancer Prevention Group, Biomedical Research Institute of Girona (IDIBGI), Girona, Spain., Health Research Institute of Asturias (ISPA), University of Oviedo, Oviedo, Spain., Cancer Epidemiology Research Program, Bellvitge Biomedical Research Institute (IDIBELL), Hospitalet de Llobregat, Barcelona, Spain.","N/A"
"40052926","A patenting perspective of fat mass and obesity associated protein (FTO) inhibitors: 2017-present.","2025 Mar 7","Yang CG","Rname Pharmaceutical Technology (Shanghai) Co. LTD, Shanghai, China., Shandong Laboratory of Yantai Drug Discovery, Bohai Rim Advanced Research Institute for Drug Discovery, Yantai, China.","N/A"
"40052822","Mono-ubiquitination of TopBP1 by PHRF1 enhances ATR activation and genomic stability.","2025 Feb 27","Gao H, Lou Z","Department of Molecular Pharmacology and Experimental Therapeutics, Mayo Clinic, Rochester, MN 55905, United States.","N/A"
"40052816","Unveiling the Interaction Mechanism of siRNA with Lipid Bilayers of Different Types for siRNA-Based Therapy.","2025 Mar 7","Dong J","All-Innovation (Beijing) Biotechnology Co., Ltd, Beijing 100194, China.","N/A"
"40052724","Aplastic anemia: A person-centered approach to diagnosis and treatment.","2025 Mar 7","Geppner AC","Alexis C. Geppner practices in the Department of Leukemia at the University of Texas MD Anderson Cancer Center in Houston, Tex. Alexis C. Geppner discloses that she is a consultant for AbbVie Inc., Bristol Myers Squibb, and Daiichi Sankyo.","N/A"
"40052634","Statin Drugs Are Associated With Response to Immune Checkpoint Blockade in Recurrent/Metastatic Head and Neck Cancer.","2025 Mar","Liu Y","Astellas Pharma Global Development Inc, Northbrook, Illinois, USA.","N/A"
"40052577","[Retracted] Feroniellin A‑induced autophagy causes apoptosis in multidrug‑resistant human A549 lung cancer cells.","2025 Apr","Koh SS","Immunotherapy Research Center, Korea Research Institute of Bioscience and Biotechnology, and Department of Functional Genomics, University of Science and Technology, Daejeon 305-333, Republic of Korea.","N/A"
"40052534","Optimizing school-based delivery of HPV and other routine vaccines for adolescents with disability in specialist schools in Victoria, Australia: a co-design study.","2025 Mar 7","Tuckerman J, Justice F, Wyatt K","Murdoch Children's Research Institute, Royal Children's Hospital, Parkville, Victoria 3052, Australia.","N/A"
"40052520","Impact of clinically diagnosed liver cirrhosis in patients with intrahepatic cholangiocarcinoma treated with systemic chemotherapy: a subgroup analysis of JCOG1113.","2025 Mar 7","Ueno M","Division of Cancer Stem Cell, National Cancer Center Research Institute, 5-1-1 Tsukiji, Chuo-ku, Tokyo 104-0045, Japan.","N/A"
"40052485","Costs of biomarker testing in advanced non-small cell lung cancer: a global study comparing next-generation sequencing and single-gene testing.","2025 Mar","Baggi A, Stenzinger A","Life Sciences Division, BIP Consulting, Milan, Italy.","N/A"
"40052411","ATR Inhibition Synergizes With Alkylating PI Polyamide Targeting MYCN by Suppressing DNA Repair in MYCN-Amplified Neuroblastoma.","2025 Mar 7","Lai X, Qiao Y, Kida Y, Shinozaki Y, Koshikawa N, Takatori A","Division of Innovative Cancer Therapeutics, Chiba Cancer Center Research Institute, Chiba, Japan.","N/A"
"40052270","Laparoscopic Versus Robotic Lateral Pelvic Lymph Node Dissection in Locally-Advanced Rectal Cancer: A Cohort Study Comparing Perioperative Morbidity and Short-Term Oncological Outcomes.","2025 Mar","Mathew J","Department of GI Surgical Oncology and Minimal Access Surgery, HealthCare Global Enterprises Ltd. (HCG), Bangalore, India.","N/A"
"40052194","Organelle-Targeted Photo-triggered Delivery of Acetylperoxyl Radicals for Redox Homeostasis Modulation.","2025 Mar 7","Wang Y, Luo X","Shanghai Engineering Research Center of Molecular Therapeutics and New Drug Development, School of Chemistry and Molecular Engineering, East China Normal University, Dongchuan Road 500, Shanghai 200241, China.","N/A"
"40052141","Does dietary intake of vitamin A and beta-carotene increase the risk of hypertension?","2024 Dec","Bahmani P, Doaei S","Department of Community Nutrition, National Nutrition and Food Technology Research Institute, Faculty of Nutrition Sciences and Food Technology, Shahid Beheshti University of Medical Sciences, Tehran.","N/A"
"40052127","Influence of CAR T-cell therapy associated complications.","2025","Umair MM, Yao H","Cancer Biotherapy Center & Cancer Research Institute, Peking University Cancer Hospital Yunnan, Yunnan Cancer Hospital, The Third Affiliated Hospital of Kunming Medical University, Kunming, China.","N/A"
"40052110","AMPK phosphosite profiling by label-free mass spectrometry reveals a multitude of mTORC1-regulated substrates.","2025","Murphy EO","Flinders Health and Medical Research Institute, Flinders Centre for Innovation in Cancer, Flinders University, Adelaide, SA 5042 Australia. ROR: https://ror.org/01kpzv902. GRID: grid.1014.4. ISNI: 0000 0004 0367 2697","N/A"
"40052095","Intra-tumoral susceptibility signals in brain gliomas: where do we stand?","2025","Cataldi S, Alongi P, Bartolotta TV, Midiri M, Gagliardo C","Department of Biomedicine, Neurosciences and Advanced Diagnostics (BIND), University of Palermo, Palermo, Italy.","N/A"
"40051922","A Retrospective Analysis of Pembrolizumab With or Without Chemotherapy in Advanced Non-small Cell Lung Cancer: Experience From a Tertiary Care Hospital.","2025 Feb","Das J","Medical Oncology, Gujarat Cancer and Research Institute, B.J. Medical College, Ahmedabad, IND.","N/A"
"40051773","Underutilized treatments for patients with refractory cancer pain: a qualitative study assessing the use of intrathecal drug delivery devices in the United Kingdom compared to alternative treatments in cancer pain management.","2025","Brown M, Husejnovic D, Johnson S, Mackworth-Praed M","Health Economics Outcomes Research, Suazio Consulting, Antwerp, Belgium.","N/A"
"40051715","Transorbital Neuroendoscopic Surgery: A Comprehensive Review for Managing Intracranial Lesions with Orbital Access.","2025","Ahmed HS, Thrishulamurthy CJ","Department of Ophthalmology, Bangalore Medical College and Research Institute, Bangalore, India.","N/A"
"40051520","Editorial: Research on low dose ionizing radiation health effects.","2025","Vinnikov V","Cancer Research Institute, Biomedical Research Centre of Slovak Academy of Science, Bratislava, Slovakia.","N/A"
"40051503","Editorial: Experimental and computational methods in the development of diagnostics and therapeutics for colon cancer.","2025","Khan FI","Department of Biotechnology, Guangxi Veterinary Research Institute, Nanning, China.","N/A"
"40051465","Neuroimaging insights into lung disease-related brain changes: from structure to function.","2025","Zhang Z","Aerospace Information Research Institute, Chinese Academy of Sciences, Beijing, China.","N/A"
"40051412","Deep phenotyping of patients with MASLD upon high-intensity interval training.","2025 Mar","Grefhorst A, Nieuwdorp M","Kuopio Research Institute of Exercise Medicine, Kuopio, Finland., Afekta Technologies Ltd., Kuopio, Finland.","N/A"
"40051363","Cancer Immunotherapies: Navigating the Immune Landscape.","2025 Mar 6","Mishra Y","School of Bioengineering and Biosciences, Lovely Professional University, Phagwara Punjab, 144411, India.","N/A"
"40051356","New O-alkyl Chalcone Derivative Exhibits Antiproliferative Potential in Colorectal and Cervical Cancer Cells by Inducing G0/G1 Cell Cycle Arrest and Mitochondrial-mediated Apoptosis.","2025 Mar 6","Muskinja J","University of Kragujevac, Institute for Information Technologies, Department of Science.","N/A"
"40051340","Semiconducting Open-Shell Radicals for Precise Tumor Activatable Phototheranostics.","2025 Mar 7","Zhang J, Luo H, Ma W, Lv J, Wang B, Sun F","Strait Laboratory of Flexible Electronics (SLoFE), Fujian Key Laboratory of Flexible Electronics, Strait Institute of Flexible Electronics (Future Technologies), Fujian Normal University, Fuzhou, 350117, China.","N/A"
"40051275","A plain language summary of the ASCERTAIN trial: oral decitabine and cedazuridine versus intravenous decitabine for MDS or CMML.","2025 Mar 6","Oganesian A, Keer HN, Azab M","xAstex Pharmaceuticals Inc. (now Taiho Oncology, Inc.), Pleasanton, CA, USA., wTaiho Oncology, Inc., Pleasanton, CA, USA (current affiliation; trial was conducted by Astex Pharmaceuticals, Inc., subsequently acquired by Taiho).","N/A"
"40051252","Increased anti-apoptotic (Bcl-2+) and decreased proliferative (Ki-67+) cell fractions during the different maturation stages of bone marrow cell populations in MDS and AML: The potential diagnostic impact of the Bcl-2:Ki-67 ratio.","2025 Mar 6","Mestrum SGC, Ramaekers FCS, Leers MPG","Nordic-MUbio, Part of Vector Laboratories Inc., The Netherlands., Department of Genetics & Cell Biology, GROW-Research Institute for Oncology and Reproduction, Maastricht University Medical Center, Maastricht, The Netherlands.","N/A"
"40051215","Association between the presence or absence of muscle mass assessment in sarcopenia diagnosis and poor health outcomes: A follow-up study of older outpatients at a frailty clinic.","2025 Mar 6","Kinoshita K, Satake S, Yoshiura K, Hori N","Department of Frailty Research, Center for Gerontology and Social Science, Research Institute, National Center for Geriatrics and Gerontology, Obu, Japan.","N/A"
"40051152","A Dual-Layer Hydrogel Barrier Integrating Bio-Adhesive and Anti-Adhesive Properties Prevents Postoperative Abdominal Adhesions.","2025 Mar 6","Liu B","H. Lee Moffitt Cancer Center and Research Institute, Tampa, FL, 33612, USA.","N/A"
"40051144","Impact of functional level on cognitive function in adults aged 45 and older than 45 years in the Korean Longitudinal Study of Aging.","2025 Mar","Lee H, Park E","College of Nursing, Research Institute of AI and Nursing Science, Gachon University, Seoul, South Korea., College of Nursing, Health and Nursing Research Institute, Jeju National University, Jeju-si, Jeju-do, South Korea.","N/A"
"40051143","FOXA2 Loss in TGF-beta1-Induced EMT Suppresses Bisecting-GlcNAc N-Glycan Synthesis in Lung Adenocarcinoma.","2025 Mar 6","Chen Y","Jiangsu Province Engineering Research Center of Precision Diagnostics, and Therapeutics Development, Suzhou, Jiangsu, China.","N/A"
"40051129","Aspirin-induced acetylation of APE1/Ref-1 enhances RAGE binding and promotes apoptosis in ovarian cancer cells.","2025 Mar 7","Lee EO, Jeon BH","Research Institute of Medical Sciences, College of Medicine, Chungnam National University, Daejeon 35015, Korea.","N/A"
"40050941","Physical activity and lung cancer screening (PALS): feasibility randomised controlled trial of exercise and physical activity in lung cancer screening.","2025 Mar 6","Manser R","Statistical Consulting Centre, School of Mathematics and Statistics, The University of Melbourne, Melbourne, Australia.","Asha.Bonney@mh.org.au"
"40050914","Circular RNA circCLASP2 promotes nasopharyngeal carcinoma progression through binding to DHX9 to enhance PCMT1 translation.","2025 Mar 6","Zhang S, Qu H, Fan C, Zhou Y, Xiang B, Liao Q, Zhou M, Li G, Chen P, Gong Z","Key Laboratory of Carcinogenesis and Cancer Invasion of the Chinese Ministry of Education, Cancer Research Institute and Xiangya School of Basic Medicine Sciences, Central South University, Changsha, Hunan, 410078, China. zengzhaoyang@csu.edu.cn., Key Laboratory of Carcinogenesis and Cancer Invasion of the Chinese Ministry of Education, Cancer Research Institute and Xiangya School of Basic Medicine Sciences, Central South University, Changsha, Hunan, 410078, China., Key Laboratory of Carcinogenesis and Cancer Invasion of the Chinese Ministry of Education, Cancer Research Institute and Xiangya School of Basic Medicine Sciences, Central South University, Changsha, Hunan, 410078, China. gongzhaojian4458@csu.edu.cn.","chenpan08@csu.edu.cn"
"40050802","Engineered multifunctional nanoparticles for enhanced radiation therapy: three-in-one approach for cancer treatment.","2025 Mar 6","Toyang N, Lowe H","Flavocure Biotech Inc, Baltimore, Maryland, USA.","tappidi1@jh.edu"
"40050768","CYP2D6 polymorphisms and endoxifen concentration in Chinese patients with breast cancer.","2025 Mar 6","Shi Y","Guangzhou Targene Biotech Company Ltd, Room 707, Block A, TengFei Street #1 Guangzhou Knowledge City, Huangpu District, Guangzhou, 600700, P. R. China. shaojianyong@targene.cn.","shaojianyong@targene.cn"
"40050615","Genome-wide meta-analysis identifies novel risk loci for uterine fibroids within and across multiple ancestry groups.","2025 Mar 6","Jones SH, Madhivanan P, Wei WQ","Center for Precision Health Research, National Human Genome Research Institute, National Institute of Health, Bethesda, MD, USA., Public Health Research Institute of India, Mysuru, India.","digna.r.velez.edwards@vumc.org"
"40050614","HAT1/HDAC2 mediated ACSL4 acetylation confers radiosensitivity by inducing ferroptosis in nasopharyngeal carcinoma.","2025 Mar 6","Peng X, Cheng J, Zhou Q, Li D","Cancer Research Institute, School of Basic Medicine Science, Central South University, Changsha, China., Cancer Research Institute, School of Basic Medicine Science, Central South University, Changsha, China. yanglifang@csu.edu.cn.","sw_ld@hnu.edu.cn"
"40050542","The Effects of THC and Nicotine on Attention: A Narrative Review.","2025 Mar 7","Oleszak K, Striegel LF, Roeder N, Penman S, Collins L","Behavioral Neuropharmacology and Neuroimaging Laboratory on Addictions (BNNLA), Research Institute on Addictions, Department of Pharmacology and Toxicology, Jacobs School of Medicine and Biomedical Sciences, University at Buffalo, Buffalo, NY, USA. thanos@buffalo.edu., Behavioral Neuropharmacology and Neuroimaging Laboratory on Addictions (BNNLA), Research Institute on Addictions, Department of Pharmacology and Toxicology, Jacobs School of Medicine and Biomedical Sciences, University at Buffalo, Buffalo, NY, USA.","thanos@buffalo.edu"
"40050524","Goserelin 3-month depot shows non-inferiority to the monthly formulation in U.S. patients with premenopausal breast cancer: a real-world evidence study.","2025 Mar 6","Osman N, Cannon J, Brent L, Wang Y, Tepsick J, Mandora PV, Miller V, Martin N","TerSera Therapeutics LLC, Deerfield, IL, USA., ConcertAI, LLC, Cambridge, MA, USA.","kmccann@mednet.ucla.edu"
"40050505","Enhancing immunotherapy with tumour-responsive nanomaterials.","2025 Mar 6","Alonso MJ","Health Research Institute of Santiago de Compostela (IDIS), Santiago de Compostela, Spain.","rlanger@mit.edu"
"40050485","Optimizing Outcomes in Gallbladder Cancer: Identifying Predictors of Futile Up-Front Surgery in a Global Multi-center Study.","2025 Mar 6","Hauger MS, Tran Cao HS, Giuliante F","Section of Hepatobiliary Tumors, Department of Gastrointestinal Oncology, H. Lee Moffitt Cancer Center and Research Institute, Tampa, FL, USA.","eavega@bu.edu"
"40050473","Critical dialogue: recent advancements toward omission of axillary lymph node dissection in clinically node positive breast cancer patients treated with neoadjuvant chemo-immuno therapy: impact on radiology practice.","2025 Mar 6","Tjan-Heijnen VCG, van Nijnatten TJA","GROW - Research Institute for Oncology and Reproduction, Maastricht University, Maastricht, The Netherlands. Thiemo.nijnatten@mumc.nl., GROW - Research Institute for Oncology and Reproduction, Maastricht University, Maastricht, The Netherlands.","Thiemo.nijnatten@mumc.nl"
"40050446","Neoadjuvant immune checkpoint inhibitors for hepatocellular carcinoma.","2025 Mar 6","Demir T","Division of Hematology and Oncology Developmental Therapeutics Institute, Northwestern University, Chicago, IL, USA.","Elshad.hasanov@osumc.edu"
"40050434","Hypoxic tumor cell line lysate-pulsed dendritic cell vaccine exhibits better therapeutic effects on hepatocellular carcinoma.","2025 Mar 7","Teng CF","Ph.D. Program for Biotech Pharmaceutical Industry, China Medical University, Taichung, Taiwan, ROC.","chiaofangteng@gmail.com"
"40050429","Meta-analysis of genome-wide associations and polygenic risk prediction for atrial fibrillation in more than 180,000 cases.","2025 Mar 6","Marston NA, Gudbjartsson D, Aegisdottir H, Arking DE, Chami N, Choi EK, Ganesh SK, Gaziano JM, Kane JP, Marcus GM, Melander O, Natale A, Weiss S","Population Health Research Institute, McMaster University, Hamilton, Ontario, Canada., Cardiovascular Medicine, Heart Vascular and Thoracic Institute and Cardiovascular and Metabolic Sciences, Lerner Research Institute, Cleveland Clinic, Cleveland Clinic Lerner College of Medicine, Cleveland, OH, USA., Kaiser Permanente Washington Health Research Institute, Seattle, WA, USA., deCODE genetics/Amgen Inc., Reykjavik, Iceland., Cardiovascular Research Institute, University of California, San Francisco, CA, USA., Victor Chang Cardiac Research Institute, Sydney, New South Wales, Australia., Quantitative Health Sciences, Lerner Research Institute, Cleveland Clinic, Cleveland, OH, USA., Cardiovascular Research Institute Basel (CRIB), University Hospital Basel, Basel, Switzerland., Cardiovascular Research Institute and Department of Physiological Nursing, University of California, San Francisco, CA, USA.","ellinor@mgh.harvard.edu"
"40050422","Cancer-intrinsic Cxcl5 orchestrates a global metabolic reprogramming for resistance to oxidative cell death in 3D.","2025 Mar 7","de Guzman ACV, Park S, Lee JY","Biometrology Group, Division of Biomedical Metrology, Korea Research Institute of Standards and Science, Daejeon, 34113, Republic of Korea., College of Pharmacy, Natural Product Research Institute, Seoul National University, Seoul, 08826, Republic of Korea.","suk-jo.kang@kaist.ac.kr"
"40050354","Extended spectrum of cancers in PTEN hamartoma tumor syndrome.","2025 Mar 6","Yehia L, Plitt G, Joo J, Ni Y, Eng C","Genomic Medicine Institute, Lerner Research Institute, Cleveland Clinic, Cleveland, OH, 44195, USA. yehial@ccf.org., Genomic Medicine Institute, Lerner Research Institute, Cleveland Clinic, Cleveland, OH, 44195, USA., Center for Immunotherapy and Precision Immuno-Oncology, Lerner Research Institute, Cleveland Clinic, Cleveland, OH, 44195, USA., Department of Quantitative Health Sciences, Lerner Research Institute, Cleveland Clinic, Cleveland, OH, 44195, USA.","yehial@ccf.org"
"40050324","The gut microbiota during tamoxifen therapy in patients with breast cancer.","2025 Mar 6","Hillege LE, de Vos-Geelen J, de Boer M, Vincent J","GROW - Research Institute for Oncology and Reproduction, Maastricht University Medical Center+, Maastricht, The Netherlands. l.hillege@maastrichtuniversity.nl., GROW - Research Institute for Oncology and Reproduction, Maastricht University Medical Center+, Maastricht, The Netherlands.","l.hillege@maastrichtuniversity.nl"
"40050288","Host FSTL1 defines the impact of stem cell therapy on liver fibrosis by potentiating the early recruitment of inflammatory macrophages.","2025 Mar 7","Han Y","Science and Technology Innovation Research Institute, Tangdu Hospital, Fourth Military Medical University, Xi'an, China. jimberw@163.com.","jimberw@163.com"
"40050281","Author Correction: Unveiling conserved HIV-1 open reading frames encoding T cell antigens using ribosome profiling.","2025 Mar 6","Autran B","Vaccine Research Institute (VRI), INSERM-U955 (IMRB) Equipe 16, Universite Paris-Est Creteil (UPEC), Creteil, France.","olivier.namy@i2bc.paris-saclay.fr"
"40050276","Author Correction: Dose escalation and expansion cohorts in patients with advanced breast cancer in a Phase I study of the CDK7-inhibitor samuraciclib.","2025 Mar 6","Arkenau T, Clack G, Bahl A, McIntosh S","Carrick Therapeutics, Dublin, Ireland., Sarah Cannon Research Institute, London, UK.","matthew.krebs@manchester.ac.uk"
"40050258","Cancer Photodynamic Therapy Enabled by Water-Soluble Chlorophyll Protein.","2025 Mar 6","Wei J","Exponent Ltd., 12 Science Park West Avenue, Unit, Sha Tin 802-803, New Territories, Hong Kong.","N/A"
"40050184","Early response evaluation using CT and CA 19-9 in patients with pancreatic cancer of all stages undergoing first-line FOLFIRINOX treatment.","2025 Feb 27","Kim SS, Park MS","Department of Radiology and Research Institute of Radiological Science, Severance Hospital, Yonsei University College of Medicine, Seoul, Republic of Korea. Electronic address: radpms@yuhs.ac., Department of Radiology and Research Institute of Radiological Science, Severance Hospital, Yonsei University College of Medicine, Seoul, Republic of Korea.","bang7028@yuhs.ac"
"40050062","The Canadian Lung Outcomes in Users of Vaping Devices (CLOUD) Study: protocol for a prospective, observational cohort study.","2025 Mar 6","Ho T, Leipsic J","British Columbia Cancer Research Institute, Department of Integrative Oncology, Vancouver, British Columbia, Canada., The Ottawa Hospital Research Institute, University of Ottawa, Ottawa, Ontario, Canada.","Janice.Leung@hli.ubc.ca"
"40050048","Cell-intrinsic PD-L1 signaling drives immunosuppression by myeloid-derived suppressor cells through IL-6/Jak/Stat3 in PD-L1-high lung cancer.","2025 Mar 6","Jeong H, Kim H, Lee SH","Cancer Research Institute, Seoul National University, Seoul, Korea (the Republic of)., Cancer Research Institute, Seoul National University, Seoul, Korea (the Republic of) ykjeon@snu.ac.kr.","ykjeon@snu.ac.kr"
"40050007","Polarization Imaging Method for Detection of Lung Cancer Based on Symmetrical Single LCVR.","2025 Mar","Huang D, Xie Y, Hong J, Yan J","Zhongshan Research Institute, Changchun University of Science and Technology, Zhongshan, China.","N/A"
"40049798","[Risk-reducing bilateral salpingo-oophorectomy: For whom, how and what results?].","2025 Mar","Favier A, Uzan C","Service de chirurgie et cancerologie gynecologique et mammaire, hopital La Pitie- Salpetriere, AP-HP, Paris, France; Centre de Recherche Saint-Antoine (CRSA), INSERM UMR_S_938, Cancer Biology and Therapeutics, Sorbonne University, 75012 Paris, France; Inserm UMR-S 938, biologie et therapeutiques du cancer, centre de recherche Saint-Antoine (CRSA), Sorbonne Universite, Paris, France., Service de chirurgie et cancerologie gynecologique et mammaire, hopital La Pitie- Salpetriere, AP-HP, Paris, France; Centre de Recherche Saint-Antoine (CRSA), INSERM UMR_S_938, Cancer Biology and Therapeutics, Sorbonne University, 75012 Paris, France; Inserm UMR-S 938, biologie et therapeutiques du cancer, centre de recherche Saint-Antoine (CRSA), Sorbonne Universite, Paris, France. Electronic address: amelia.favier@gmail.com.","amelia.favier@gmail.com"
"40049763","Enlarging the Reach of Screening and Early Detection of Lung Cancer.","2025 Mar","Brown M, Myers R, Lam S","Department of Integrative Oncology, British Columbia Cancer Research Institute and the University of British Columbia, Vancouver, British Columbia, Canada., Department of Integrative Oncology, British Columbia Cancer Research Institute and the University of British Columbia, Vancouver, British Columbia, Canada. Electronic address: slam@bccancer.bc.ca.","slam@bccancer.bc.ca"
"40049746","Preclinical Evaluation of (177)Lu-rhPSMA-10.1, a Radiopharmaceutical for Prostate Cancer: Biodistribution and Therapeutic Efficacy.","2025 Mar 6","Foxton C, Waldron B, Simon JJ, Stevens D","Blue Earth Diagnostics Ltd., Oxford, United Kingdom; caroline.foxton@blueearthdx.com., IsoTherapeutics Group LLC, Angleton, Texas; and., Blue Earth Therapeutics Ltd., Oxford, United Kingdom.","caroline.foxton@blueearthdx.com"
"40049544","Oculomics: Current Concepts and Evidence.","2025 Mar 4","Tham YC, Lee AG, Cheng CY, Wong TY","Department of Ophthalmology and Centre for Innovation and Precision Eye Health, Yong Loo Lin School of Medicine, National University of Singapore, Singapore; Singapore Eye Research Institute, Singapore National Eye Centre, Singapore; Ophthalmology and Visual Sciences Academic Clinical Program, Duke-NUS Medical School, Singapore., School of Clinical Medicine, Beijing Tsinghua Changgung Hospital, Tsinghua Medicine, Tsinghua University, Beijing, China; Singapore Eye Research Institute, Singapore National Eye Centre, Singapore. Electronic address: Lisa.zhu@unimelb.edu.au., Center for Space Medicine and The Department of Ophthalmology (Adjunct Professor), Baylor College of Medicine, Houston, USA; Department of Ophthalmology, Blanton Eye Institute, Houston Methodist Hospital, Houston, USA; The Houston Methodist Research Institute, Houston Methodist Hospital, Houston, USA; Departments of Ophthalmology, Neurology, and Neurosurgery, Weill Cornell Medicine, New York, USA; Department of Ophthalmology, University of Texas Medical Branch, Galveston, USA; University of Texas MD Anderson Cancer Center, Houston, USA; Texas A&M College of Medicine, Bryan, USA; Department of Ophthalmology, The University of Iowa Hospitals and Clinics, Iowa City, USA.","wongtienyin@tsinghua.edu.cn"
"40049503","Apoptotic and anti-inflammatory effect of nisin-loaded sodium alginate-gum arabic nanoparticles against colon cancer cells.","2025 Mar 4","Chonche MJ, Sharan K","Department of Molecular Nutrition, CSIR-Central Food Technological Research Institute, Mysuru, India.","archerann@jssuni.edu.in"
"40049497","alpha(v)beta(3) integrin aptamer functionalized pH-responsive lipid polymer hybrid nanoparticles for targeted co-delivery of paclitaxel and tamoxifen.","2025 Mar 4","Haldar N, Samanta R, Gajbhiye V","Nanobioscience, Agharkar Research Institute, Pune 411004, India; Savitribai Phule Pune University, Pune 411007, India., Nanobioscience, Agharkar Research Institute, Pune 411004, India; Savitribai Phule Pune University, Pune 411007, India. Electronic address: virendragajbhiye@aripune.org.","virendragajbhiye@aripune.org"
"40049447","Efficacy and safety of neoadjuvant SHR-A1811 with or without pyrotinib in women with locally advanced or early HER2-positive breast cancer: a randomized, open-label, phase 2 trial.","2025 Mar 4","Liang QN, Shen Y","Department of Clinical Research & Development, Jiangsu Hengrui Pharmaceuticals Co., Ltd., Shanghai, China.","lijunjie_ronaldo@hotmail.com"
"40049418","Treatment and outcomes after on-treatment recurrent venous thromboembolism in patients with cancer: a post-hoc analysis of the Hokusai VTE Cancer study.","2025 Mar 4","Weitz JI, Carrier M, Wang TF","Department of Medicine, University of Ottawa at The Ottawa Hospital, Ottawa, Ontario, Canada; Ottawa Hospital Research Institute, Ottawa, Ontario, Canada., Thrombosis and Atherosclerosis Research Institute and Hamilton Health Sciences, Hamilton, Ontario, Canada; Department of Biochemistry and Biomedical Sciences, McMaster University, Hamilton, Ontario, Canada; Department of Medical Sciences, McMaster University, Hamilton, Ontario, Canada; Department of Medicine, McMaster University, Hamilton, Ontario, Canada.","v.r.lanting@amsterdamumc.nl"
"40049297","Evaluation of folic acid-targeted gadolinium-loaded perfluorohexane nanodroplets on the megavoltage X-ray treatment efficiency of liver cancer.","2025 Mar 4","Maghsoudinia F, Mehradnia F","Division of Molecular Therapeutics and Formulation, School of Pharmacy, University of Nottingham, NG7 2RD, UK., Department of Medical Imaging and Radiation Sciences, Faculty of Paramedicine, Ahvaz Jundishapur University of Medical Sciences, Ahvaz, Iran; Nanotechnology Research Center, Medical Basic Sciences Research Institute, Ahvaz Jundishapur University of Medical Sciences, Ahvaz, Iran. Electronic address: f.maghsood@gmail.com.","f.maghsood@gmail.com"
"40049296","Strategic advancements in targeting the PI3K/AKT/mTOR pathway for Breast cancer therapy.","2025 Mar 4","Ramisetty S, Kulkarni P, Horne D, Salgia R, Singhal SS","Department of Medical Oncology & Therapeutics Research, Beckman Research Institute of City of Hope, Comprehensive Cancer Center and National Medical Center, Duarte, CA 91010, USA. Electronic address: ssinghal@coh.org., Department of Molecular Medicine, Beckman Research Institute of City of Hope, Comprehensive Cancer Center and National Medical Center, Duarte, CA 91010, USA., Department of Medical Oncology & Therapeutics Research, Beckman Research Institute of City of Hope, Comprehensive Cancer Center and National Medical Center, Duarte, CA 91010, USA.","ssinghal@coh.org"
"40049254","Assessing reliability and comparability of 4D flow CMR whole heart measurements using retrospective valve tracking: A single-vendor study in the Berlin research network.","2025 Mar 4","Jin N","Cardiovascular MR R&D, Siemens Medical Solutions USA, Inc., Cleveland, OH, USA.","jeanette.schulz-menger@charite.de"
"40049206","Proceedings of the National Cancer Institute Workshop on combining immunotherapy with radiotherapy: challenges and opportunities for clinical translation.","2025 Mar","Young KH","Earle A Chiles Research Institute, Portland, OR, USA.","zmorris@humonc.wisc.edu"
"40049049","Discovery and evaluation of novel Benzohydroxamic acid-indole derivatives as dual inhibitors of ADAM17 and HDAC2 with antitumor activity.","2025 Feb 28","Hou S, Song A","Luoxin Pharmaceuticals Group Stock Co., Ltd., Linyi, PR China.","sypugaohy@163.com"
"40048983","All-cause mortality and neighborhood social vulnerability among women with ovarian cancer.","2025 Mar 5","Borho L, Elishaev E, Berger J, Boisen M, Comerci J, Courtney-Brooks M, Edwards RP, Garrett AA, Kelley JL, Lesnock J, Mahdi HS, Olawaiye A, Rush S, Sukumvanich P, Taylor S, Modugno F","Department of Obstetrics, Gynecology, and Reproductive Sciences, University of Pittsburgh School of Medicine and Magee-Womens Research Institute and Foundation, Pittsburgh, PA, United States of America., Department of Obstetrics, Gynecology, and Reproductive Sciences, University of Pittsburgh School of Medicine and Magee-Womens Research Institute and Foundation, Pittsburgh, PA, United States of America; Women's Cancer Research Center, Magee-Womens Research Institute and Foundation and Hillman Cancer Center, Pittsburgh, PA, United States of America., Department of Pathology, University of Pittsburgh School of Medicine and Magee-Womens Research Institute and Foundation, Pittsburgh, PA, United States of America; Women's Cancer Research Center, Magee-Womens Research Institute and Foundation and Hillman Cancer Center, Pittsburgh, PA, United States of America., Department of Obstetrics, Gynecology, and Reproductive Sciences, University of Pittsburgh School of Medicine and Magee-Womens Research Institute and Foundation, Pittsburgh, PA, United States of America; Women's Cancer Research Center, Magee-Womens Research Institute and Foundation and Hillman Cancer Center, Pittsburgh, PA, United States of America; Department of Epidemiology, University of Pittsburgh School of Public Health, Pittsburgh, PA, United States of America; Department of Biomedical Informatics, University of Pittsburgh School of Medicine, Pittsburgh, PA, United States of America. Electronic address: modugnof@upmc.edu.","modugnof@upmc.edu"
"40048877","Healthy lifestyle habits, educational attainment, and the risk of 45 age-related health and mortality outcomes in the UK: A prospective cohort study.","2025 Mar 5","Zhang X","Guangdong Eye Institute, Department of Ophthalmology, Guangdong Provincial People's Hospital (Guangdong Academy of Medical Sciences), Southern Medical University, Guangzhou, 510080, China; Medical Research Institute, Guangdong Provincial People's Hospital (Guangdong Academy of Medical Sciences), Southern Medical University, 510080, China.","mingguang.he@polyu.edu.hk"
"40048867","Transition from preclinical to clinical application of CTLA4-Ig co-stimulation blockage in beta-cell replacement therapy.","2025 Mar 2","Noble J","Univ. Grenoble Alpes, Nephrology, Hemodialysis, Apheresis and Kidney Transplantation Department, University Hospital Grenoble, Grenoble, France; Univ. Grenoble Alpes, INSERM U1209 CNRS UMR 5309, Team Epigenetis Immunity, Metabolism, Cell Signaling and Cancer, Institute for advanced Biosciences, Grenoble, France.","qperrier@chu-grenoble.fr"
"40048691","Randomized, Open-Label, Phase III Study of Tilsotolimod in Combination With Ipilimumab Versus Ipilimumab Alone in Patients With Advanced Refractory Melanoma (ILLUMINATE-301).","2025 Mar 6","Ascierto PA, Rahimian S, Guidoboni M, Robert C","Idera Pharmaceuticals, Inc, Exton, PA., Melanoma Cancer Immunotherapy and Development Therapeutics Unit Istituto Nazionale Tumori IRCCS Fondazione ""G. Pascale,"" Napoli, Italy., Virogin Biotech, Richmond, BC, Canada.","N/A"
"40048690","Recent Trends in Breast Cancer Mortality Rates for U.S. Women by Age and Race/Ethnicity.","2025 Mar 6","Monticciolo DL","Emeritus Faculty, Baylor Scott & White Central Texas Foundation for Imaging Research and Education, LLC, Temple, TX, USA.","N/A"
"40048662","Common and divergent cellular aetiologies underlying hypoplastic left heart syndrome and hypoplastic right heart syndrome.","2025 Mar 6","Yu Y, Alonzo M, Argall A, Texter K","Dorothy M. Davis Heart and Lung Research Institute, The Ohio State University Medical Center, Columbus, OH 43210, USA., Center for Cardiovascular Research, Abigail Wexner Research Institute, Nationwide Children's Hospital, Columbus, OH 43215, USA.","N/A"
"40048445","A novel oncolytic vaccinia virus with multiple gene modifications involved in viral replication and maturation increases safety for intravenous administration while maintaining proliferative potential in cancer cells.","2025","Okita G, Suenaga K, Sakaguchi M, Murakami T","Research Department, KM Biologics Co., Ltd., Kikuchi, Kumamoto, Japan.","N/A"
"40048322","Multi-institutional study on image quality for a novel CBCT solution on O-ring linac.","2025 Mar 6","Dong L","Physics Clinical Operations, Varian Advanced Oncology Solutions, Palo Alto, California, USA.","N/A"
"40048262","Divergent populations of HIV-infected naive and memory CD4+ T-cell clones in children on antiretroviral therapy.","2025 Mar 6","Luke B","Advanced Biomedical Computational Science, Leidos Biomedical Research, Inc., Frederick National Laboratory for Cancer Research, Frederick, United States of America.","N/A"
"40048260","Metabolic and transcriptional effects of bazedoxifene/conjugated estrogens in a model of obesity-associated breast cancer risk.","2025 Mar 6","Hursting SD, Komm BS","Komm Pharma Consulting, LLC, San Francisco, United States of America., Department of Nutrition and Nutrition Research Institute, University of North Carolina, Chapel Hill, United States of America.","N/A"
"40048162","Intentional Weight Loss, Waist Circumference Reduction, and Mortality Risk Among Postmenopausal Women.","2025 Mar 3","Herold JG","Encoded Therapeutics, Irvington, New York.","N/A"
"40048132","Whole pancreas water T(1) mapping at 3 Tesla.","2025 Mar 6","Karampinos DC","Philips Innovative Technologies, Hamburg, Germany.","elizabeth.huaroc@tum.de"
"40048102","Summary of Research: Efficacy of Trastuzumab Deruxtecan in HER2-Expressing Solid Tumors by Enrollment HER2 IHC Status: Post Hoc Analysis of DESTINY-PanTumor02.","2025 Mar 6","Gonzalez-Martin A, Siena S, Fielding A","Cancer Research Institute, Seoul National University College of Medicine, Seoul, Republic of Korea., Early Phase Clinical Trials Unit, Maria Sklodowska-Curie National Research Institute of Oncology, Warsaw, Poland., Experimental Therapeutics in Cancer (UTEC), Department of Medical Oncology, Hospital Clinico San Carlos, Madrid, Spain.","fmeric@mdanderson.org"
"40048009","Polycomb repressive complex 2 (PRC2) pathway's role in cancer cell plasticity and drug resistance.","2025 Mar 6","Heidari MM","Immunology Board for Transplantation and Cell-Based Therapeutics (Immunotact), Universal Scientific Education and Research Network (USERN), Tehran, Iran. medgenetic.1991@gmail.com.","medgenetic.1991@gmail.com"
"40047910","Genetic variants in NHEJ1 and related DNA repair disorders: insights into phenotypic heterogeneity and links to hypoplastic myelodysplastic syndromes and familial hematological malignancies susceptibility.","2025 Mar 6","Seo GH","Medical Genetics Division, 3billion Inc, Seoul, South Korea.","mahmoudibrahem837@gmail.com"
"40047857","Targeting CXCR2 signaling in inflammatory lung diseases: neutrophil-driven inflammation and emerging therapies.","2025 Mar 6","MacLoughlin R","Aerogen Ltd, Galway Business Park, Galway, Ireland.","gaurav.gupta@chitkara.edu.in"
"40047784","Pharmacokinetics and bioequivalence of two formulations of the S-1 (tegafur/gimeracil/oxonate) capsule in Chinese cancer patients under fasting and fed conditions: a multicenter, randomized, open-label, single-dose, double-cycle crossover study.","2025","Chen L","Qilu Pharmaceutical Co., Ltd., Jinan, Shandong, China.","N/A"
"40047709","Integrated Device for Cancer Nucleic Acid Biomarker Detection at Body Temperature.","2025 Feb 7","Li X","China Certification & Inspection Group LiaoNing Co., Ltd., Dalian 116001, China.","N/A"
"40047641","Cytoplasmic ribosomes on mitochondria alter the local membrane environment for protein import.","2025 Apr 7","Chang YT, Barad BA, Zid BM","Department of Integrative Structural and Computational Biology, The Scripps Research Institute, La Jolla, CA, USA. ROR: https://ror.org/02dxx6824","N/A"
"40047548","Quantitative Protein Expression of Antibody-Drug Conjugate Targets in EGFR Mutated and Wild-Type Non-Small Cell Lung Cancer.","2025 Mar 6","Liebler DC, Hill S, Morrison RD","Inotiv, Inc, Nashville, Tennessee, United States.","N/A"
"40047317","SLCO1B1 Functional Variants, Bilirubin, Statin-Induced Myotoxicity, and Recent Sub-Saharan African Ancestry: A Precision Medicine Health Equity Study.","2025 Mar 6","Kachuri L","Quantitative Biosciences Institute, University of California San Francisco, San Francisco, California, USA.","N/A"
"40047226","Discovery of a novel alpha isoform of the long-known enzyme LDHA provides new insights into cancer research.","2025 Mar 6","Wei S","Research Institute for Korean Medicine, Pusan National University, Yangsan, Korea.","N/A"
"40047117","Oncocytic and spindle cell typical carcinoids of lung: different immunophenotype and biological behavior.","2025 Mar","Lagano V","Unit of Pathology, Department of Surgical Sciences and Integrated Diagnostics, University of Genoa and Ospedale Policlinico San Martino, Genoa, Italy.","N/A"
"40047103","Disease-Associated Factors at the Endoplasmic Reticulum-Golgi Interface.","2025 Jan-Mar","Maeda M, Arakawa M, Saito K","Department of Biological Informatics and Experimental Therapeutics, Graduate School of Medicine, Akita University, Akita, Japan.","N/A"
"40047090","Reply to ""Letter to the Editor: Risk of Lymphedema After Sentinel Node Biopsy in Patients With Breast Cancer"".","2025 Feb","Lee HB, Moon HG","Cancer Research Institute, Seoul National University, Seoul, Korea., Cancer Research Institute, Seoul National University, Seoul, Korea. moonhg74@snu.ac.kr.","moonhg74@snu.ac.kr"
"40047060","Difference-Makers for Collecting Sexual Orientation and Gender Identity Data in Oncology Settings.","2025 Mar","Schabath MB","Department of Cancer Epidemiology, H. Lee Moffitt Cancer Center & Research Institute, Tampa, Florida, USA.","N/A"
"40047030","[Choroidal neovascularization associated with choroidal nevi].","2025","Smolin SA, Stoyukhina AS","Krasnov Research Institute of Eye Diseases, Moscow, Russia.","N/A"
"40046885","Activity of Rezafungin Against Echinocandin Non-wild type Candida glabrata Clinical Isolates From a Global Surveillance Program.","2025 Mar","Castanheira M, Deshpande LM, Kimbrough JH, Winkler M","Element Iowa City (JMI Laboratories), North Liberty, Iowa  USA.","N/A"
"40046830","Patina of precision: risk models for lung cancer screening eligibility.","2025","Bach PB","DELFI Diagnostics Inc, Baltimore, Maryland, USA.","N/A"
"40046741","Efficacy and safety profile of biotechnological agents and Janus kinase inhibitors in VEXAS syndrome: data from the international AIDA Network VEXAS registry.","2025","Jaber N, Maher A, Ozen S, de-la-Torre A","Autoimmune Diseases Unit, Biocruces Bizkaia Health Research Institute, Barakaldo, Biscay, Spain., Department of Internal Medicine, Pneumonology, Allergology and Clinical Immunology, Central Clinical Hospital of the Ministry of National Defense, Military Institute of Medicine, National Research Institute, Warsaw, Poland., Department of Internal Medicine and Therapeutics, Universita di, Pavia, Italy.","N/A"
"40046704","Individual participant data (IPD) meta-analysis: An introduction - Narrative review.","2025 Jan","Naik V","Department of Oncoanaesthesiology, Pain and Palliative Medicine, Basavatarakam Indo-American Cancer Hospital and Research Institute, Hyderabad, Telangana, India.","N/A"
"40046624","Leveraging automated time-lapse microscopy coupled with deep learning to automate colony forming assay.","2025","Klett A, Bermeitinger J, Brand A","Collaborative Research Institute Intelligent Oncology (CRIION), Freiburg, Germany.","N/A"
"40046621","Virusplot: a web server for viral integration analysis and visualization.","2025","Yin S","Department of Tumor Microenvironment and Metastasis, H. Lee Moffitt Cancer Center & Research Institute, Tampa, FL, United States., Department of Head and Neck-Endocrine Oncology, H. Lee Moffitt Cancer Center & Research Institute, Tampa, FL, United States.","N/A"
"40046620","Case report: The smallest 9p21.3 microdeletion involving CDKN2A but not CDKN2B causes multiple plexiform neurofibromas.","2025","Liu X","Liaoning Key Laboratory of Reproductive Health, Liaoning Research Institute of Birth Health and Development, Reproductive Hospital of China Medical University, Shenyang, China., Shenyang Key Laboratory of Biomedical Polymers, Liaoning Research Institute of Birth Health and Development, Reproductive Hospital of China Medical University, Shenyang, China.","N/A"
"40046574","Deep learning combining imaging, dose and clinical data for predicting bowel toxicity after pelvic radiotherapy.","2025 Jan","Elhaminia B","Centre for Computational Imaging and Simulation Technologies in Biomedicine (CISTIB), Schools of Computing and Medicine, University of Leeds, Leeds, UK.","N/A"
"40046560","A New Light-Sensor System Affecting Cancer Cell Fate.","2025","Arciero I, Moretti S","Department of Chemical Science and Technologies, University of Rome Tor Vergata, 00133 Rome, Italy.","N/A"
"40046523","Risk factors for postoperative complications in laparoscopic and robot-assisted surgery for octogenarians with colorectal cancer: A multicenter retrospective study.","2025 Mar","Hida K, Inamoto S, Obama K","Department of Gastroenterological Surgery and Oncology Medical Research Institute Kitano Hospital Osaka Japan.","N/A"
"40046312","Revisiting the Need for Breast Imaging in Young Women with Clinically Significant Breast Pain and a Normal Physical Breast Examination.","2025 Mar 3","Grubstein A","Statistical Consulting Unit, Rabin Medical Center - Beilinson Hospital, Petach Tikva, Israel.","N/A"
"40046260","Health and Economic Advantages Associated With the Use of TachoSil: An Update of Systematic Review.","2025","Colombo GL","Center of Pharmaceuticals Economics and Medical Technologies Evaluation, Department of Drug Sciences, University of Pavia, Pavia, Italy.","N/A"
"40046242","Editorial: Advancements and prospects of genome-wide association studies.","2025","Doumatey AP","Center for Research on Genomics and Global Health, National Human Genome Research Institute, National Institutes of Health, Bethesda, MD, United States.","N/A"
"40046051","AWT020: a novel fusion protein harnessing PD-1 blockade and selective IL-2 Cis-activation for enhanced anti-tumor immunity and diminished toxicity.","2025","Ye F, Huang J, Cheng X, Chen SC, Huang F, Huang WC, Hua B, Li E, Jiang J, Lin H, Siegel M, Liao E, Wang J, Yue B, Shi W, Xu Y, Wang X, Wang J, Yan Y, He H, Liu E, Zhong Z","Anwita Biosciences, San Carlos, CA, United States.","N/A"
"40045915","DNA Methylation Dynamics and Prognostic Implications in Metastatic Differentiated Thyroid Cancer.","2025 Mar 6","Rodriguez-Lloveras H, Marcos-Ruiz J, Gil J, Gonzalez L, Mayor R, Perello-Fabregat C, Hernandez-Losa J, Sanchez-Herrero JF, Sumoy L, Seoane J","Endocrinology and Nutrition Department, Germans Trias i Pujol Research Institute and University Hospital, Badalona, Spain., High Content Genomics and Bioinformatics Facility, Germans Trias i Pujol Research Institute (IGTP), Badalona, Spain., Endocrine Tumors Group, Translational Program in Cancer Research (CARE), Germans Trias i Pujol Research Institute (IGTP), Badalona, Spain., Pathology Department, Germans Trias i Pujol Research Institute and University Hospital, Badalona, Spain.","N/A"
"40045855","Recent Developments in the Synthesis of Benzothiazoles and their Anti-cancer Mechanistic Discoveries.","2025 Mar 5","Sakr TM","Radioactive Isotopes and Generators Department, Hot Laboratories Center, Egyptian Atomic Energy Authority, 13759 Cairo, Egypt.","N/A"
"40045746","Biological activity of prenylated pyranoflavanones from the stems of Derris reticulata.","2025 Mar 5","Khumsubdee S, Prawat H, Kheawchaum S, Boonsombat J, Mahidol C","Laboratory of Natural Products, Chulabhorn Research Institute, Bangkok, Thailand., Laboratory of Medicinal Chemistry, Chulabhorn Research Institute, Bangkok, Thailand.","N/A"
"40045679","Anti-tumor effects of Toxoplasma gondii and antigen-pulsed dendritic cells in mice bearing breast cancer.","2025 Feb","Lee JH","Research Institute of Medical Sciences, Chungnam National University College of Medicine, Daejeon 34956, Korea.","N/A"
"40045662","Remedying Black cancer disparities with clinical research prioritization.","2025 Mar 15","Ashing K","Beckman Research Institute of City of Hope, Duarte, California, USA.","N/A"
"40045583","Preventable cancer cases and deaths attributable to tobacco smoking in Korea from 2015 to 2030.","2025 Feb 27","Lee JE, Shin MH, Choi YJ, Hong Y, Yoo KY, Im JS, Park SK","Department of Internal Medicine, Healthcare Research Institute, Seoul National University Hospital Healthcare System Gangnam Center, Seoul, Korea., Cancer Research Institute, Seoul National University, Seoul, Korea.","N/A"
"40045582","Preventable cancer cases and deaths attributable to alcohol consumption in Korea from 2015 to 2030.","2025 Feb 27","Kweon SS, Kim J, Yi SW, Kim K, Im JS","Department of Internal Medicine, Healthcare Research Institute, Seoul National University Hospital Healthcare System Gangnam Center, Seoul, Korea., Cancer Research Institute, Seoul National University, Seoul, Korea.","N/A"
"40045581","Preventable cancer cases and deaths attributable to deficit of physical activity in Korea from 2015 to 2030.","2025 Feb 27","Jung J, Kim K, Lee JE, Kweon SS, Choi SH, Yi SW, Park SK","Department of Internal Medicine, Healthcare Research Institute, Seoul National University Hospital Healthcare System Gangnam Center, Seoul, Korea., Cancer Research Institute, Seoul National University, Seoul, Korea.","N/A"
"40045578","Clinical Applications of Oligonucleotides for Cancer Therapy.","2025 Mar 5","Amabile G, Kortylewski M","Department of Immuno-Oncology, Beckman Research Institute at City of Hope National Medical Center, Duarte, CA 91010, USA. Electronic address: mkortylewski@coh.org., AptaDiR Therapeutics, 20121 Milan, Italy.","mkortylewski@coh.org"
"40045570","Detection Ability of Quality of Life Changes and Responsiveness of the KOQUSS-40 and the EORTC QLQ-C30/STO22 in Patients Who Underwent Gastrectomy: A Prospective Comparative Study.","2025 Mar 5","Yang HK, Kong SH, Park DJ, Lee HJ","Department Surgery and Cancer Research Institute, Seoul National University Hospital, Seoul National University of College of Medicine, Seoul, Korea.","N/A"
"40045559","Matching-adjusted indirect comparison of talazoparib plus enzalutamide versus abiraterone acetate and docetaxel in mCRPC.","2025 Mar 5","Nazari J, Niyazov A","Global Value and Evidence, Oncology, Pfizer, Inc., New York, NY, USA.","N/A"
"40045375","CARM1 regulates tubulin autoregulation through PI3KC2alpha R175 methylation.","2025 Mar 5","Cho Y, Kim SN","Muscle Physiome Research Center and Research Institute of Pharmaceutical Sciences, Sookmyung Women's University, Seoul, 04310, Republic of Korea., Natural Products Research Institute, KIST Gangneung, Gangneung, 25451, Republic of Korea., Muscle Physiome Research Center and Research Institute of Pharmaceutical Sciences, Sookmyung Women's University, Seoul, 04310, Republic of Korea. yksnbk@sookmyung.ac.kr.","yksnbk@sookmyung.ac.kr"
"40045315","An anti-CD19-exosome delivery system navigates the blood-brain barrier for targeting of central nervous system lymphoma.","2025 Mar 5","He L","Suzhou Sano Precision Medicine Ltd., Suzhou, China.","zhuangwenzhuo@suda.edu.cn"
"40045272","Exposure to volatile organic compounds and chronic respiratory disease mortality, a case-cohort study.","2025 Mar 5","Poustchi H, Bhandari D, Pourshams A, Gail MH, Etemadi A","Digestive Oncology Research Center, Digestive Diseases Research Institute, Tehran University of Medical Sciences, Tehran, Iran. malek@tums.ac.ir., Digestive Oncology Research Center, Digestive Diseases Research Institute, Tehran University of Medical Sciences, Tehran, Iran., Liver and Pancreaticobilliary Research Center, Digestive Diseases Research Institute, Tehran University of Medical Sciences, Tehran, Iran.","malek@tums.ac.ir"
"40045259","Polycythemia secondary to bilaterally enlarged kidneys in T-Cell acute lymphoblastic leukemia: a case report and literature review.","2025 Mar 6","Chishaki R, Mino T, Ichinohe T","Department of Hematology and Oncology, Research Institute for Radiation Biology and Medicine, Hiroshima University, 1-2-3 Kasumi, Minami-ku, Hiroshima, 734-8553, Japan.","ymaeoka@hiroshima-u.ac.jp"
"40045177","Gut Microbiome in Colorectal Cancer: Metagenomics from Bench to Bedside.","2025 Mar 5","Torshizi Esfahani A, Mohammadpour S","Basic and Molecular Epidemiology of Gastrointestinal Disorders Research Center, Research Institute for Gastroenterology and Liver Diseases, Shahid Beheshti University of Medical Sciences, Tehran, Iran.","N/A"
"40045151","Opportunities for Precision Dosing of Cytotoxic Drugs in Non-Small Cell Lung Cancer: Bridging the Gap in Precision Medicine.","2025 Mar 5","Deenen MJ","Department of Pharmacy, Radboudumc, Research Institute for Medical Innovation, Nijmegen, The Netherlands., Department of Pulmonology, Radboudumc, Research Institute for Medical Innovation, Nijmegen, The Netherlands., Department of Pharmacy, Radboudumc, Research Institute for Medical Innovation, Nijmegen, The Netherlands. mart.kicken@catharinaziekenhuis.nl.","mart.kicken@catharinaziekenhuis.nl"
"40045117","ASPiring metabolic-immunotherapy by ASParaginase.","2025 Mar 5","Shah R, Wang R","Center for Childhood Cancer Research, Hematology/Oncology & BMT, Abigail Wexner Research Institute at Nationwide Children's Hospital, Department of Pediatrics at The Ohio State University, Columbus, OH, USA. ruoning.wang@nationwidechildrens.org., Center for Childhood Cancer Research, Hematology/Oncology & BMT, Abigail Wexner Research Institute at Nationwide Children's Hospital, Department of Pediatrics at The Ohio State University, Columbus, OH, USA.","ruoning.wang@nationwidechildrens.org"
"40045063","Tumor burden score combined with AFP and PIVKA-II (TAP score) to predict the prognosis of hepatocellular carcinoma patients after radical liver resection.","2025 Mar 6","Dai JL","Medical Data Analytics Center, Department of Medicine and Therapeutics, The Chinese University of Hong Kong, Hong Kong, China.","wentianfu@scu.edu.cn"
"40045061","Prognostic value of routine blood biomarkers in 3-year survival of resectable colorectal cancer patients: a prognostic nomogram for clinical practice.","2025 Mar 5","Martin-Arevalo J, Garcia-Botello S, Perez-Santiago L, Martinez-Ciarpaglini C, Tarazona N, Pla-Marti V","Department of Pathology, INCLIVA Biomedical Research Institute, University of Valencia, Valencia. CIBERONC, Instituto de Salud Carlos III, Madrid, Spain., Colorectal Surgery Unit, Department of General and Digestive Surgery, INCLIVA Biomedical Research Institute, Hospital Clinico Universitario de Valencia, Av. Blasco Ibanez, 17, 46010, Valencia, Spain. david.moro@uv.es., Colorectal Surgery Unit, Department of General and Digestive Surgery, INCLIVA Biomedical Research Institute, Hospital Clinico Universitario de Valencia, Av. Blasco Ibanez, 17, 46010, Valencia, Spain. martin_jose@gva.es., Colorectal Surgery Unit, Department of General and Digestive Surgery, INCLIVA Biomedical Research Institute, Hospital Clinico Universitario de Valencia, Av. Blasco Ibanez, 17, 46010, Valencia, Spain., Department of Medical Oncology, INCLIVA Biomedical Research Institute, University of Valencia, Valencia. CIBERONC, Instituto de Salud Carlos III, Madrid, Spain.","david.moro@uv.es"
"40044961","The coadministration of Lactobacillus probiotic augments the antitumor effect of telmisartan in rats.","2025 Mar 5","ElRakaiby MT","Department of Microbiology and Immunology, Faculty of Pharmacy, Cairo University, Cairo, 11562, Egypt. marwa.elrakaiby@pharma.cu.edu.eg.","ahmed.elbaz@deltauniv.edu.eg"
"40044960","Management of children and adolescents with chronic myeloid leukemia in chronic phase: International pediatric chronic myeloid leukemia expert panel recommendations.","2025 Mar 5","Lion T, De Moerloose B, Versluys B","St. Anna Children's Cancer Research Institute (CCRI), Vienna, Austria., Division of Hematology/Oncology/BMT, British Columbia Children's Hospital Research Institute, Vancouver, BC, Canada.","f.millot@chu-poitiers.fr"
"40044906","Surface display of two neoantigens on Lactiplantibacillus plantarum.","2025 Mar 5","Svensson S, Mathiesen G","NEOGAP Therapeutics AB, Stockholm, Sweden.","kamilla.wiull@nmbu.no"
"40044881","The effect of chronic kidney disease on adverse in-hospital outcomes after radical cystectomy with ileal conduit urinary diversion.","2025 Mar 5","Goyal JA","6. Division of Experimental Oncology/Unit of Urology, URI, Urological Research Institute, IRCCS San Raffaele Scientific Institute, Milan, Italy.","michelenicolazzini@yahoo.it"
"40044852","Aspirin prevents metastasis by limiting platelet TXA(2) suppression of T cell immunity.","2025 Mar 5","Contursi A, Bruno A, De Michele A, Lin SW, Lugli E","Systems Pharmacology and Translational Therapeutics Laboratory, Center for Advanced Studies and Technology (CAST), ""G. d'Annunzio"" University of Chieti-Pescara, Chieti, Italy.","jy437@cam.ac.uk"
"40044797","New insights of cerium oxide nanoparticles in head and neck cancer treatment.","2025 Mar 5","Yazici H","Materials Process Technologies, CBRN Defence Technologies Research Group, TUBITAK-Marmara Research Center, 41470, Gebze, Kocaeli, Turkey., Materials Process Technologies, Metallic and Structural Materials Group, TUBITAK-Marmara Research Center, 41470, Gebze, Kocaeli, Turkey.","hilal.yazici@tubitak.gov.tr"
"40044748","Progressive T cell exhaustion and predominance of aging tissue associated macrophages with advancing disease stage in penile squamous cell carcinoma.","2025 Mar 5","Yoder S, Marchion D, Zhang C","Tissue Core Shared Resource, H. Lee Moffitt Cancer Center and Research Institute, Tampa, FL, USA., Molecular Genomics Core, H. Lee Moffitt Cancer Center and Research Institute, Tampa, FL, USA.","Hiroko.miyagi@moffitt.org"
"40044670","Structure-function relationship of ASH1L and histone H3K36 and H3K4 methylation.","2025 Mar 6","Xuan H, Rothbart SB, Kutateladze TG","Department of Epigenetics, Van Andel Research Institute, Grand Rapids, MI, 49503, USA.","ming-ming.zhou@mssm.edu"
"40044669","Monitoring mRNA vaccine antigen expression in vivo using PET/CT.","2025 Mar 6","Sellmyer MA","Acuitas Therapeutics, Vancouver, BC, Canada.","mg.alameh@pennmedicine.upenn.edu"
"40044508","Improved survival with adding-on strategy after failure of nanoliposomal irinotecan plus 5-fluorouracil and leucovorin in metastatic pancreatic adenocarcinoma.","2025 Mar 4","Chiu SC","PharmaEngine, Inc., Taipei, Taiwan.","khyeh@ntu.edu.tw"
"40044452","Risk of Cancer Recurrence Exerts the Strongest Influence on Choice Between Active Surveillance and Thyroid Surgery as Initial Treatment for Low-Risk Thyroid Cancer: Results of a Discrete Choice Experiment.","2025 Mar 5","Wall L, Miller J","Hunter Medical Research Institute, Newcastle, Australia.","N/A"
"40044432","[Analysis of epidemiological trends from 1990 to 2021 of liver cancer in China].","2025 Feb 20","Sun HX","Cancer Prevention and Treatment Research Institute, Harbin Medical University, Harbin 150000, China.","N/A"
"40044379","Fibroblast-based radiosensitivity assays as a clinically valuable tool for (severe) combined immunodeficiency syndromes.","2025 Feb-Mar","Vral A, Baeyens A","Radiobiology Lab, Department of Human Structure and Repair, Ghent University, Ghent, Belgium; Cancer Research Institute Ghent (CRIG), Ghent University Hospital, Ghent 9000, Belgium.","Elien.Beyls@UGent.be"
"40044377","Safety evaluation of ethanolic extract from aerial flowering part of spiny globe thistle (Echinops spinosus) in mice: Phytochemical screening and genotoxicity.","2025 Feb-Mar","Nagy AM","Department of Animal Reproduction & AI, Veterinary Research Institute, National Research Centre (NRC), 33 El-Bohouth st, Dokki, Cairo 12622, Egypt.","ka.diab@nrc.sci.eg"
"40044372","Dose-response curve for induction of unstable chromosome aberrations by 6 MV linear accelerator photons: Analysis of intra-experimental variations.","2025 Feb-Mar","Vinnikov V, Kochanova D, Vigasova K, Gulati S, Durdik M, Kosik P, Markova E, Jakl L, Zastko L, Belyaev I","Department of Radiobiology, Cancer Research Institute, Biomedical Research Centre of Slovak Academy of Science, Bratislava, Slovak Republic, BMC SAV, Dubravska Cesta 9, Bratislava 84505, Slovak Republic. Electronic address: katarina.vigasova@savba.sk., Department of Radiobiology, Cancer Research Institute, Biomedical Research Centre of Slovak Academy of Science, Bratislava, Slovak Republic, BMC SAV, Dubravska Cesta 9, Bratislava 84505, Slovak Republic. Electronic address: lukas.jakl@savba.sk., Department of Radiobiology, Cancer Research Institute, Biomedical Research Centre of Slovak Academy of Science, Bratislava, Slovak Republic, BMC SAV, Dubravska Cesta 9, Bratislava 84505, Slovak Republic. Electronic address: pavol.kosik@savba.sk., Department of Radiobiology, Cancer Research Institute, Biomedical Research Centre of Slovak Academy of Science, Bratislava, Slovak Republic, BMC SAV, Dubravska Cesta 9, Bratislava 84505, Slovak Republic. Electronic address: igor.beliaev@savba.sk., Department of Radiobiology, Cancer Research Institute, Biomedical Research Centre of Slovak Academy of Science, Bratislava, Slovak Republic, BMC SAV, Dubravska Cesta 9, Bratislava 84505, Slovak Republic. Electronic address: volodymyr.vinnikov@savba.sk., Department of Radiobiology, Cancer Research Institute, Biomedical Research Centre of Slovak Academy of Science, Bratislava, Slovak Republic, BMC SAV, Dubravska Cesta 9, Bratislava 84505, Slovak Republic. Electronic address: eva.markova@savba.sk., Department of Radiobiology, Cancer Research Institute, Biomedical Research Centre of Slovak Academy of Science, Bratislava, Slovak Republic, BMC SAV, Dubravska Cesta 9, Bratislava 84505, Slovak Republic; Department of Laboratory Medicine, Faculty of Health Sciences, Catholic University in Ruzomberok, Ruzomberok, Slovak Republic, KUR, Nam. A. Hlinku 48, Ruzomberok 03401, Slovak Republic. Electronic address: lucian.zastko@savba.sk., Department of Radiobiology, Cancer Research Institute, Biomedical Research Centre of Slovak Academy of Science, Bratislava, Slovak Republic, BMC SAV, Dubravska Cesta 9, Bratislava 84505, Slovak Republic. Electronic address: dominika.kochanova@savba.sk., Department of Radiobiology, Cancer Research Institute, Biomedical Research Centre of Slovak Academy of Science, Bratislava, Slovak Republic, BMC SAV, Dubravska Cesta 9, Bratislava 84505, Slovak Republic. Electronic address: matus.durdik@savba.sk., Department of Radiobiology, Cancer Research Institute, Biomedical Research Centre of Slovak Academy of Science, Bratislava, Slovak Republic, BMC SAV, Dubravska Cesta 9, Bratislava 84505, Slovak Republic. Electronic address: sachin.gulati@savba.sk.","volodymyr.vinnikov@savba.sk"
"40044309","Using Self-Scheduling to Improve Screening Mammography Completion Rates.","2025 Mar","Aryagus Z","Chao Family Comprehensive Cancer Center, University of California, Irvine, Irvine, California; Department of Medicine, Genetic Epidemiology Research Institute, University of California, Irvine, Irvine, California.","gsadigh@uci.edu"
"40044256","Ask, do not tell: consulting a patient advisory board to understand unmet needs of patients with GVHD in Europe.","2025 Mar","Lawitschka A","St Anna Children's Hospital, Stem Cell Transplant Unit, Medical University Vienna, St Anna Children's Cancer Research Institute, Vienna, Austria.","helene.schoemans@uzleuven.be"
"40044126","Development of a method to measure the activity of heparan sulfate 6-endosulfatase for biological research.","2025 Mar 5","Wang Z, Hippensteel JA, Goldman R","Glycan Therapeutics Corp, 617 Hutton Street, Raleigh, NC 27606, United States.","N/A"
"40044045","AXL kinase inhibitor exhibits antitumor activity by inducing apoptotic cell death in triple-negative breast cancer cells.","2025 Mar 5","Kim SJ, Jang JY, Han BW, Park YJ, Choi MJ","Research Institute of Pharmaceutical Sciences, Seoul National University, Seoul, Republic of Korea., Axceso Biopharma Co., Ltd., Yongin, Republic of Korea.","suri28@hanyang.ac.kr"
"40044041","PEPSeek-mediated identification of novel epitopes from viral and bacterial pathogens and the impact on host cell immunopeptidomes.","2025 Mar 3","Cormican JA, Pasen M, Khan S, Urlaub H","Research group of Bioanalytical Mass Spectrometry, Max-Planck-Institute for Multidisciplinary Sciences, 37077 Gottingen, Germany; Bioanalytics, Department of Clinical Chemistry, University Medical Center Gottingen, 3705 Gottingen, Germany; Gottingen Center for Molecular Biosciences, University of Gottingen, Germany., Research group of Quantitative and Systems Biology, Max-Planck-Institute for Multidisciplinary Sciences, 37077 Gottingen, Germany; Gottingen Graduate Center for Neurosciences, Biophysics, and Molecular Biosciences, University of Gottingen, Germany.","e.j.a.m.sijts@uu.nl"
"40044040","diaPASEF analysis for HLA-I peptides enables quantification of common cancer neoantigens.","2025 Mar 3","Oliinyk D, Gurung HR, Zhou Z, Leskoske K, Rose CM, Klaeger S","Department of Proteomic and Genomic Technologies, Genentech Inc, South San Francisco, CA, USA; Functional Proteomics, Jena University Hospital, 07747 Jena, Germany., Department of Proteomic and Genomic Technologies, Genentech Inc, South San Francisco, CA, USA. Electronic address: klaeger.susan@gene.com., Department of Proteomic and Genomic Technologies, Genentech Inc, South San Francisco, CA, USA.","klaeger.susan@gene.com"
"40044034","Acral melanoma in the Caucasian population: a comprehensive cohort study on epidemiological, clinicopathological, and prognostic features.","2025 Mar 3","Segura S","Department of Dermatology, Hospital del Mar, Hospital del Mar Research Institute-IMIM, Universitat Pompeu Fabra. Barcelona, Catalonia, Spain.","joan.an.ba@gmail.com"
"40043964","Exploring the promise of lipoplexes: From concept to clinical applications.","2025 Mar 3","Haider M","Department of Pharmaceutics and Pharmaceutical Technology, College of Pharmacy, University of Sharjah 27272 Sharjah, United Arab Emirates; Research Institute of Medical & Health Sciences, University of Sharjah 27272 Sharjah, United Arab Emirates. Electronic address: mhaider@sharjah.ac.ae.","mhaider@sharjah.ac.ae"
"40043941","The Effect of Multimodal Prehabilitation on Postoperative Outcomes in Lung Cancer Surgery.","2025 Mar 3","Cho AR","Department of Anesthesia, Montreal General Hospital, McGill University Health Centre, Montreal, QC, Canada; Department of Anesthesia and Pain Medicine, School of Medicine, Medical Research Institute, Pusan National University, Yangsan, Republic of Korea.","franco.carli@mcgill.ca"
"40043910","Development of a technique for diagnosis and screening of superficial bladder cancer by cell-pellet DNA from urine sample.","2025 Mar 3","Lim KM, Cho SG","Department of Stem Cell & Regenerative Biotechnology and Institute of Advanced Regenerative Science, Konkuk University, Seoul, Korea; R&D Team, StemExOne Co., Ltd., Seoul, Korea. Electronic address: ssangoo@konkuk.ac.kr., Department of Stem Cell & Regenerative Biotechnology and Institute of Advanced Regenerative Science, Konkuk University, Seoul, Korea; R&D Team, StemExOne Co., Ltd., Seoul, Korea.","arkim@kuh.ac.kr"
"40043886","Capturing breast cancer subtypes in cancer registries: insights into real-world incidence and survival.","2025 Mar 3","Saunus JM","Mater Research Institute-University of Queensland, Translational Research Institute, Woolloongabba, QLD, Australia.","marina.reeves@uq.edu.au"
"40043848","Allogeneic Stem Cell Transplantation in Participants With Hematologic Malignancies Following Pembrolizumab Therapy.","2025 Mar 3","Wang G, Marinello P, Chakraborty S, Orlowski R","Department of Medical Oncology, Merck & Co., Inc., Rahway, New Jersey.","john.kuruvilla@uhn.ca"
"40043834","TamL is a key player of the outer membrane homeostasis in Bacteroidota.","2025 Mar 3","Giovannercole F, de Smet T, Lauber F, Dugauquier R, Dieu M, Lizen L, Lima-Mendez G, Renzi F","Research Unit in Biology of Microorganisms (URBM), Namur Research Institute for life Sciences (Narilis), University of Namur, Namur, Belgium., Research Unit in Biology of Microorganisms (URBM), Namur Research Institute for life Sciences (Narilis), University of Namur, Namur, Belgium. Electronic address: francesco.renzi@unamur.be., Technological Platform Mass Spectrometry Service (MaSUN), Namur Research Institute for life Sciences (Narilis), University of Namur, Namur, Belgium.","francesco.renzi@unamur.be"
"40043609","Transcriptional regulation by LKB1 in lung adenocarcinomas: Exploring oxidative stress, neuroglial and amino acid signatures.","2025 Mar 1","Mevel-Aliset M, Radu AG, Allard J, Blanchet S, Montellier E, Hainaut P, Torch S, Orsi GA, Thibert C","University Grenoble Alpes, INSERM U1209, CNRS UMR5309, Team ""Epigenetics, Immunity, Metabolism, Cell Signaling & Cancer"", Institute for Advanced Biosciences, 38000, Grenoble, France. Electronic address: chantal.thibert@univ-grenoble-alpes.fr., University Grenoble Alpes, INSERM U1209, CNRS UMR5309, Team ""Epigenetics, Immunity, Metabolism, Cell Signaling & Cancer"", Institute for Advanced Biosciences, 38000, Grenoble, France., University Grenoble Alpes, INSERM U1209, CNRS UMR5309, Team ""Epigenetics of Regeneration and Cancer"", Institute for Advanced Biosciences, 38000, Grenoble, France.","chantal.thibert@univ-grenoble-alpes.fr"
"40043571","Effects of non-pharmacological interventions on anxiety in patients undergoing colonoscopy: A network meta-analysis of randomized controlled trials.","2025 Feb 19","Zeng Y","Department of International and Humanistic Nursing, Hunan Science Popularization Education Base, School of Nursing, Hengyang Medical School, University of South China, Hengyang, China.; Hunan Engineering Research Center for Early Diagnosis and Treatment of Liver Cancer, Cancer Research Institute, Hengyang Medical School, University of South China; Hunan Province Key Laboratory of Tumor Cellular & Molecular Pathology, Cancer Research Institute, Hengyang Medical School, University of South China, Hengyang, China.. Electronic address: zengying2003@126.com.","zengying2003@126.com"
"40043551","Exploring the integration of patient-reported outcome measures in clinical practice: A cross-sectional survey of EORTC healthcare professionals.","2025 Mar 1","Cammarota A","Department of Biomedical Sciences, Humanitas University, Milan, Italy; Drug Development Unit, Sarah Cannon Research Institute UK, London, United Kingdom.","jens.lehmann@i-med.ac.at"
"40043513","A new locoregional mouse model of gastric cancer for identifying probes for fluorescence guided surgery.","2025 Mar 4","Hoffman RM, Yazaki PJ","Department of Immunology & Theranostics, Beckman Research Institute of the City of Hope, Duarte, CA., Department of Surgery, University of California San Diego, La Jolla, CA; VA San Diego Healthcare System, La Jolla, CA; AntiCancer Inc, San Diego, CA.","mbouvet@ucsd.edu"
"40043500","Health risk assessment to xenoestrogen through atmospheric PM(2.5) particles: A case study in Suzhou.","2025 Mar 4","Chen K, Wang F","Eurofins Technology Service (Suzhou) Co., Ltd, Suzhou, China.","Peng.Zhao@xjtlu.edu.cn"
"40043423","Analysis of AI foundation model features decodes the histopathologic landscape of HPV-positive head and neck squamous cell carcinomas.","2025 Mar 4","Riesenfeld SJ, Pearson AT","Department of Medicine, University of Chicago, Chicago, IL 60637, USA; CZ Biohub Chicago, LLC, University of Chicago, Chicago, IL 60642, USA. Electronic address: alexander.pearson@bsd.uchicago.edu., Department of Medicine, University of Chicago, Chicago, IL 60637, USA; Pritzker School of Molecular Engineering, University of Chicago, Chicago, IL 60637, USA; CZ Biohub Chicago, LLC, University of Chicago, Chicago, IL 60642, USA; NSF-Simons National Institute for Theory and Mathematics in Biology (NITMB), Chicago, IL 60637, USA. Electronic address: sriesenfeld@uchicago.edu.","sriesenfeld@uchicago.edu"
"40043417","Discovery of mutations predictive of survival benefit from immunotherapy in first-line NSCLC: A retrospective machine learning study of IMpower150 liquid biopsy data.","2025 Mar 4","Xu XS","Clinical Pharmacology and Quantitative Science, Genmab Inc., Princeton, NJ, USA. Electronic address: sxu@genmab.com.","sxu@genmab.com"
"40043354","Clinical description and development of a prognostic score for neurofibromatosis type 1 (NF1)-associated GISTs: a retrospective study from the NETSARC.","2025 Mar 4","Penel N","Department of Medical Oncology, Centre Oscar-Lambret, ULR-2694 - METRICS: Evaluation des technologies de sante et des pratiques medicales, CHU de Lille, University of Lille, Lille, France.","hautefeuille.vincent@chu-amiens.fr"
"40043281","Melanoma neoadjuvant treatment: review and update of recent trials.","2025 Mar 5","Facchini BA, Ascierto PA, Sparano F","Istituto Nazionale Tumori IRCCS Fondazione Giovanni Pascale - Melanoma, Cancer Immunotherapy and Development Therapeutics Unit, Napoli, Napoli, Italy.","N/A"
"40043233","Effects of low dose rate radiotherapy on pain relief, performance score, and quality of life in patients with knee osteoarthritis; a double-blind sham-controlled randomized clinical trial.","2025 Mar 5","Shabestani Monfared A, Ahmadi N","Cancer Research Center, Health Research Institute, Babol University of Medical Sciences, Babol, Iran.","N/A"
"40043232","Participation in Electronic Patient-Reported Outcome Measures Collection as a Part of Routine Supportive Care Delivery in Oncology.","2025 Mar 5","Nguyen OT, Hong YR, Turner K","Department of Supportive Care Medicine, H. Lee Moffitt Cancer Center & Research Institute, Tampa, FL., Department of Gastrointestinal Oncology, H. Lee Moffitt Cancer Center & Research Institute, Tampa, FL., Department of Health Outcomes and Behavior, H. Lee Moffitt Cancer Center & Research Institute, Tampa, FL.","N/A"
"40043230","Pembrolizumab Plus Docetaxel Versus Docetaxel for Previously Treated Metastatic Castration-Resistant Prostate Cancer: The Randomized, Double-Blind, Phase III KEYNOTE-921 Trial.","2025 Mar 5","Schloss C, Poehlein CH, Fizazi K","Merck & Co, Inc, Rahway, NJ.","N/A"
"40043139","Bispecific antibodies targeting the N-terminal and receptor binding domains potently neutralize SARS-CoV-2 variants of concern.","2025 Mar 5","Rubio AA, Bieniasz PD","Stanford Biosciences, Stanford School of Medicine, Stanford, CA 94305, USA.","N/A"
"40043137","Broadly neutralizing antibodies targeting pandemic GII.4 variants or seven GII genotypes of human norovirus.","2025 Mar 5","Vinje J, Ippolito GC","Vaxart Inc., South San Francisco, CA 94080, USA.","N/A"
"40043110","Immunomodulatory role of the stem cell circadian clock in muscle repair.","2025 Mar 7","Willbanks A","Feinberg Cardiovascular and Renal Research Institute, Chicago, IL, USA.","N/A"
"40043109","GPR132 regulates the function of NK cells through the Galphas/CSK/ZAP70/NF-kappaB signaling pathway as a potential immune checkpoint.","2025 Mar 7","Ji Y","The First Dongguan Affiliated Hospital, Guangdong Provincial Key Laboratory of Medical Immunology and Molecular Diagnostics, Guangdong Medical University, Dongguan, China.","N/A"
"40042998","Design of Benzyl-triazolopyrimidine-Based NADPH Oxidase Inhibitors Leads to the Discovery of a Potent Dual Covalent NOX2/MAOB Inhibitor.","2025 Mar 5","Noce B, Lambona C, Fiorentino F, Raucci A, Fioravanti R, Mai A, Valente S","Department of Drug Chemistry and Technologies, Sapienza University of Rome, P.le Aldo Moro 5, Rome 00185, Italy.","N/A"
"40042928","Risk-Based Selection for Invasive Mediastinal Staging in Nonsmall Cell Lung Cancer: Role of Preoperative Imaging.","2025 Mar 5","Jeong YJ","Department of Radiology, Research Institute for Convergence of Biomedical Science and Technology, Pusan National University Yangsan Hospital, Pusan National University School of Medicine.","N/A"
"40042922","NPV of Biparametric and Multiparametric Prostate MRI: A Comparative Systematic Review and Meta-Analysis.","2025 Mar 5","Lam E","Ottawa Hospital Research Institute.","N/A"
"40042870","Travel to High-Volume Centers and Esophageal Cancer-Reply.","2025 Mar 5","Sakowitz S, Bakhtiyar SS","Cardiovascular Outcomes Research Laboratories (CORELAB), University of California, Los Angeles.","N/A"
"40042578","Efficacy of radioactive hypoxia-targeting therapeutic agent 64Cu-ATSM on recurrent malignant glioma: a study protocol for a phase-III, investigator-sponsored, randomized controlled trial.","2025 Mar 5","Yoshii Y","LinqMed Inc, 3-11-5, Nihonbashi-honcho, Chuo-ku, Tokyo 103-0023, Japan.","N/A"
"40042547","First-in-human, phase 1 dose escalation study of SL-279252, a hexameric PD1-Fc-OX40L fusion protein, in patients with advanced solid tumors and lymphoma.","2025 Mar 5","Johnson M","Sarah Cannon Research Institute, Nashville, TN, USA.","lpandite@shattucklabs.com"
"40042546","Advanced RPL19-TRAP(KI)-seq method reveals mechanism of action of bioactive compounds.","2025 Mar 5","Ni X","Shanghai-MOST Key Laboratory of Health and Disease Genomics, NHC Key Lab of Reproduction Regulation, Shanghai Institute for Biomedical and Pharmaceutical Technologies, Shanghai, 200237, China. xhni_sippr@163.com.","xhni_sippr@163.com"
"40042527","Diet, fruit and vegetables and One Health: benefits for health, environment, society and the consumer-proceedings of the 9th edition of EGEA conference.","2025 Mar 5","Delzenne N","Metabolism and Nutrition Research Group, Louvain Drug Research Institute, Universite Catholique de Louvain UCLouvain, Ottignies-Louvain-la-Neuve, Belgium.","n.komati@aprifel.com"
"40042382","The quest to define cancer-specific systems parameters for personalized dosing in oncology.","2025 Mar 5","Rostami-Hodjegan A","Translational Medicine and Clinical Pharmacology, Boehringer Ingelheim Pharma GmbH & Co, Ingelheim am Rhein, KG, Germany., Certara Predictive Technologies (CPT), Simcyp Division, Sheffield, UK.","N/A"
"40042235","Influence of Carcinoma and Sarcoma on Neutrophil Gelatinase-Associated Lipocalin and Symmetric Dimethylarginine Concentrations in Dogs.","2025 Mar-Apr","Meyer E","Department of Veterinary and Biosciences, Faculty of Veterinary Medicine, Ghent University, Merelbeke, Belgium.","N/A"
"40042093","HBX Multi-Mutations Combined With Traditional Screening Indicators to Establish a Nomogram Contributes to Precisely Stratify the High-Risk Population of Hepatocellular Carcinoma.","2025 Mar","Huang TR","Guangdong Forevergen Medical Technology Co Ltd, Foshan, Guangdong, China.","N/A"
"40042073","Associations Between Exercise Training, Physical Activity, Sedentary Behaviour and Mortality: An Umbrella Review of Meta-Analyses.","2025 Apr","Vithran DTA, Li Y, Kazemi A","Center for Digital Health, Medical Science Research Institute, Kyung Hee University Medical Center, Kyung Hee University College of Medicine, Seoul, Republic of Korea., Clinical Epidemiology Program, Ottawa Hospital Research Institute (OHRI), University of Ottawa, Ottawa, Ontario, Canada.","N/A"
"40042007","Upregulation of Cathepsin S Expression Contributes to Neuronal Damage Following Kainic Acid-Induced Status Epilepticus.","2025 Mar","Hsu KS","Institute of Biotechnology and Pharmaceutical Research, National Health Research Institute, Zhunan, Taiwan.","N/A"
"40041949","Oxygen-Releasing Nanodroplets Relieve Intratumoral Hypoxia and Potentiate Photodynamic Therapy in 3D Head and Neck Cancer Spheroids.","2025 Mar 5","Cook J","NanoHybrids, Inc., Acton, Massachusetts 01720, United States.","N/A"
"40041799","CAR-T cell therapy based on a TCR mimic nanobody targeting an intracellular antigen for solid cancers.","2025 Mar 20","Jin S","Shenzhen Innovation Immunotechnology Co., Ltd., Shenzhen International Biological Valley-Life Science Industrial Park, Dapeng New District, Shenzhen, China.","N/A"
"40041449","Beyond platelet activation: dysregulated lipid metabolism in defining risk and pathophysiology of VITT.","2025 Jan","Eden G, Lynn M, Peter K, Tran H","South Australian Health and Medical Research Institute, Adelaide, South Australia, Australia., Flinders Health and Medical Research Institute, Flinders University, Bedford Park, South Australia, Australia., Haematology Research, Murdoch Children's Research Institute, Parkville, Victoria, Australia.","N/A"
"40041434","A user-customizable hybrid framework for targeted medical decision-making.","2025 Apr","Dolan JG","Busara Analytics LLC, Webster, NY, 14580, USA.","N/A"
"40041422","Spatially defined intratumoral immune biomarkers predict recurrent versus second primary tumors in non-small cell lung cancer.","2025 Mar","D'Cunha J","IZ Statistics LLC, Tampa, FL 33647, USA.","N/A"
"40041375","Ultrasonic-assisted europium decorated cuprous oxide nanoparticles: exploring their photothermal capabilities and antioxidant properties for biomedical applications.","2025 Feb 26","Mazumder S, Vankayala R","Center for Medical Technologies, Indian Institute of Technology Jodhpur 342030 Rajasthan India.","rvankayala@iitj.ac.in"
"40041369","Machine learning-based classification of spatially resolved diffuse reflectance and autofluorescence spectra acquired on human skin for actinic keratoses and skin carcinoma diagnostics aid.","2025 Mar","Khairallah G","Friedrich-Alexander-Universitat Erlangen-Nurnberg (FAU), Institute of Photonic Technologies (LPT), Erlangen, Germany.","N/A"
"40041285","Analysis of mutations in mitochondrial transfer RNA genes and the maternal inheritance of polycystic ovary syndrome.","2025","Tabassum S","Cancer Biology and Precision Therapeutics Center, China Medical University, Taichung, Taiwan.","N/A"
"40041206","iModEst: disentangling -omic impacts on gene expression variation across genes and tissues.","2025 Mar","Morgenshtern G, Wilson MD, Erdman L","SickKids Research Institute, Program in Genetics and Genome Biology, ON M5G 0A4, Canada.","N/A"
"40041142","Clinical application of targeted next-generation sequencing in pneumonia diagnosis among cancer patients.","2025","Gu D, Liu H","Medical Department, Geneplus-Beijing Co., Ltd., Beijing, China.","N/A"
"40040878","Unraveling molecular interconnections and identifying potential therapeutic targets of significance in obesity-cancer link.","2025 Feb","Uddin S","Translational Research Institute, Academic Health System, Hamad Medical Corporation, Doha, Qatar.","N/A"
"40040867","Modulated electro-hyperthermia therapy combined with Korean mistletoe extract treatment exerts a strong anti-tumor activity by enhancing cellular and humoral immune responses in mice.","2025","Yoon TJ","DoGenBio Co., Ltd., Seoul, Republic of Korea.","N/A"
"40040813","Targeting FAK improves the tumor uptake of antibody-drug conjugates to strengthen the anti-cancer responses.","2025 Mar 21","Zhang B, Gao J, Lu S, Pang R, Qin N, Liu L, Wang Z","InxMed (Shanghai) Co., Ltd., Shanghai, China.","N/A"
"40040720","Identification and functional characterization of m1A-related genes in colorectal cancer: implications for prognosis, immune infiltration, and therapeutic strategies.","2025","Li F","State Key Laboratory of New-tech For Chinese Medicine Pharmaceutic Process, Jiangsu Kanion Pharmaceutical Co., Ltd., Lianyungang, Jiangsu, China.","N/A"
"40040557","Treatment Patterns, Healthcare Resource Utilization, and Costs Among Patients Diagnosed With Locally Advanced/Metastatic Urothelial Carcinoma Prior to Receiving Enfortumab Vedotin: A Real-World Evidence Study.","2025 Mar 5","Mucha L, Quicquaro C, Xie B, Young C","Astellas Pharma, Inc., Northbrook, Illinois, USA.","N/A"
"40040545","Development of a Nomogram to Integrate Molecular Testing and Clinical Variables to Improve Malignancy Risk Assessment Among Cytologically Indeterminate Thyroid Nodules.","2025 Mar 5","Ghaznavi S, Paschke R","Department of Pathology and Laboratory Medicine, Alberta Precision Laboratories, Cumming School of Medicine, University of Calgary, Calgary, Canada.","N/A"
"40040497","Update on the Utilization of Complementary Therapies by Adolescents with Asthma in an Urban Population.","2025 Mar 5","Kroll H","Kelly Government Solutions, Rockville, MD, USA.","N/A"
"40040385","Evaluation of Patients with Combined Immunodeficiency: A Single Center Experience.","2025 Mar 5","Haskologlu S","St. Anna Children's Cancer Research Institute, Vienna, Austria.","N/A"
"40040380","Successful removal of a large intratracheal tumor using the injection-time-controllable manual jet ventilator via translaryngeal approach-a case report.","2025 Mar 5","Eum D, Kim HJ, Park WK","Department of Anesthesiology and Pain Medicine, and Anesthesia and Pain Research Institute, Yonsei University College of Medicine, Seoul, Korea.","N/A"
"40040312","Postmarketing Assessment of Antibody-Drug Conjugates: Proof-of-Concept Using Model-Based Meta-Analysis and a Clinical Utility Index Approach.","2025 Mar 4","Asiimwe IG","The Wolfson Centre for Personalized Medicine, Department of Pharmacology and Therapeutics, Institute of Systems, Molecular and Integrative Biology, University of Liverpool, Liverpool, UK.","N/A"
"40038911","A Unique Case of Recurrence After Adjuvant Chemotherapy in Pleuropulmonary Blastoma (PPB) Type I With Transformation to PPB Type III.","2025 Mar 4","Sidorov IV","Research Institute of Medical Cell Technologies, Yekaterinburg, Russia.","N/A"
"40038821","A blood-based liquid biopsy analyzing soluble immune checkpoints and cytokines identifies distinct neuroendocrine tumors.","2025 Mar 5","Cueto FJ","Health Research Institute of the Principado de Asturias (ISPA), Av. de Roma S/N, Oviedo, 33011, Spain., Health Research Institute of the Principado de Asturias (ISPA), Av. de Roma S/N, Oviedo, 33011, Spain. mdchiara.uo@uniovi.es.","mdchiara.uo@uniovi.es"
"40038780","Anti-TGF-beta/PD-L1 bispecific antibody synergizes with radiotherapy to enhance antitumor immunity and mitigate radiation-induced pulmonary fibrosis.","2025 Mar 5","Zhang J, Zhou P","Wuhan YZY Biopharma Co., Ltd., Biolake, C2-1, No.666 Gaoxin Road, Wuhan, 430075, China.","borismq@163.com"
"40038745","Regulation of cancer-associated fibroblasts for enhanced cancer immunotherapy using advanced functional nanomedicines: an updated review.","2025 Mar 4","Chen M","Cixi Biomedical Research Institute, Wenzhou Medical University, Ningbo, 315300, China.","shen.jiawei@hotmail.com"
"40038727","Histidine metabolism drives liver cancer progression via immune microenvironment modulation through metabolic reprogramming.","2025 Mar 4","Liu P, Lin P, Sun H, Xing F, Ma H","Medical Research Institute, Guangdong Provincial People's Hospital (Guangdong Academy of Medical Sciences), Southern Medical University School of Medicine, Guangzhou, 510006, China. mahaiqing@gdph.org.cn., Medical Research Institute, Guangdong Provincial People's Hospital (Guangdong Academy of Medical Sciences), Southern Medical University School of Medicine, Guangzhou, 510006, China. xingfan@gdph.org.cn., Medical Research Institute, Guangdong Provincial People's Hospital (Guangdong Academy of Medical Sciences), Southern Medical University School of Medicine, Guangzhou, 510006, China. huanhuansun10@163.com., Medical Research Institute, Guangdong Provincial People's Hospital (Guangdong Academy of Medical Sciences), Southern Medical University School of Medicine, Guangzhou, 510006, China.","huanhuansun10@163.com"
"40038699","Retraction Note: A paradigm shift in cell-free approach: the emerging role of MSCs-derived exosomes in regenerative medicine.","2025 Mar 4","Hassanzadeh A","Research Institute of Bioscience and Biotechnology, University of Tabriz, Tabriz, Iran.","mostafajarahian@gmail.com"
"40038641","Is the oral pathogen, Porphyromona gingivalis, associated to colorectal cancer?: a systematic review.","2025 Mar 4","Navarro-Mateu F","Research Institute IMIB-Pascual Parrilla, Murcia, Spain., Research Institute IMIB-Pascual Parrilla, Murcia, Spain. Fernando.navarro@carm.es.","Fernando.navarro@carm.es"
"40038612","DNA-PKcs, a player winding and dancing with RNA metabolism and diseases.","2025 Mar 4","Hou J, Lu M, Guo J, Wu J, Wang C, Ma T","Cancer Research Center, Beijing Chest Hospital, Beijing Tuberculosis and Thoracic Tumor Research Institute, Capital Medical University, Beijing, 101149, China. mateng82913@163.com., Cancer Research Center, Beijing Chest Hospital, Beijing Tuberculosis and Thoracic Tumor Research Institute, Capital Medical University, Beijing, 101149, China.","zhoupk@nic.bmi.ac.cn"
"40038575","Folate receptor 1 is a stemness trait-associated diagnostic and prognostic marker for hepatocellular carcinoma.","2025 Mar 4","Wang XW","Laboratory of Chemical Carcinogenesis, Chulabhorn Research Institute, Bangkok, 10210, Thailand.","takehara@gh.med.osaka-u.ac.jp"
"40038525","5-hydroxymethylcytosine sequencing of plasma cell-free DNA identifies epigenomic features in prostate cancer patients receiving androgen deprivation therapies.","2025 Mar 4","Li Q, Huang J, Bitaraf A, Dong X, Wong J, Zhang J, Manley BJ, Park JY, Kohli M","Department of Tumor Microenvironment & Metastasis, H. Lee Moffitt Cancer Center and Research Institute, Tampa, FL, 33612, USA. liang.wang@moffitt.org., Department of Cancer Epidemiology, H. Lee Moffitt Cancer Center and Research Institute, Tampa, FL, USA., Department of Tumor Microenvironment & Metastasis, H. Lee Moffitt Cancer Center and Research Institute, Tampa, FL, 33612, USA., Department of Genitourinary Oncology, H. Lee Moffitt Cancer Center and Research Institute, Tampa, FL, USA.","dkilari@mcw.edu"
